Case ID,Qty Completed,Qty for MRB,activity_duration,hour,timesincelastevent,timesincecasestart,event_nr,open_cases,Predicted_Distance,Activity_Final Inspection Q.C.,Activity_Turning & Milling - Machine 4,Activity_Turning & Milling - Machine 5,Activity_Turning & Milling - Machine 6,Activity_Turning & Milling Q.C.,Resource_Machine 4 - Turning & Milling,Resource_Machine 5 - Turning & Milling,Resource_Machine 6 - Turning & Milling,Resource_Quality Check 1,Report Type_D,Worker ID_ID4287,Worker ID_ID4429,Worker ID_ID4493,Worker ID_ID4718,Worker ID_ID4794,Worker ID_ID4932,weekday_0,weekday_1,weekday_2,weekday_3,weekday_6,Segment_Prediction_0,Segment_Prediction_1,C_S1_0.0,C_S1_1.0,C_S2_0.0,C_S2_1.0,true_value,predicted_value,relative_error
Case 111_18,209.0,0.0,7260.0,9.0,9540.0,1156140.0,17.0,42.0,167944.69687302044,0,0,0,0,1,0,0,0,1,1,0,0,1,0,0,0,1,0,0,0,0,0,1,1,0,0,1,164040.0,4382612.0,25.71672762740795
Case 123_18,35.0,0.0,79680.0,11.0,6540.0,382500.0,18.0,53.0,0.0,0,1,0,0,0,1,0,0,0,1,0,0,0,0,0,1,0,0,0,0,1,1,0,1,0,1,0,15780.0,3039396.8,191.61069391634982
Case 135_18,21.0,0.0,28020.0,23.0,28560.0,407220.0,18.0,42.0,0.0,0,0,1,0,0,0,1,0,0,1,0,1,0,0,0,0,1,0,0,0,0,1,0,1,0,1,0,301800.0,5428923.5,16.98848078197482
Case 174_18,13.0,0.0,21840.0,13.0,24540.0,126900.0,8.0,50.0,49825.94397061004,0,0,0,1,0,0,0,1,0,1,0,0,0,0,1,0,0,1,0,0,0,0,1,0,1,1,0,852480.0,1090592.9,0.27931784323385883
Case 264_18,2.0,0.0,1620.0,7.0,2700.0,143940.0,9.0,38.0,52045.732494999815,0,0,0,1,0,0,0,1,0,1,0,0,0,1,0,0,0,0,1,0,0,0,1,0,1,1,0,105360.0,3193492.5,29.310293280182233
Case 53_18,0.0,0.0,10800.0,13.0,61740.0,682440.0,16.0,47.0,0.0,1,0,0,0,0,0,0,0,1,1,1,0,0,0,0,0,0,0,0,1,0,1,0,1,0,1,0,214200.0,636137.8,1.9698310574229692
