Case ID,Qty Completed,Qty for MRB,activity_duration,hour,timesincelastevent,timesincecasestart,event_nr,open_cases,Predicted_Distance,Activity_Packing,Activity_Round Grinding - Machine 12,Activity_Turning & Milling - Machine 5,Activity_Turning & Milling - Machine 6,Activity_Turning & Milling Q.C.,Resource_Machine 12 - Grinding,Resource_Machine 5 - Turning & Milling,Resource_Machine 6 - Turning & Milling,Resource_Packing,Resource_Quality Check 1,Report Type_D,Worker ID_ID4493,Worker ID_ID4529,Worker ID_ID4718,Worker ID_ID4794,Worker ID_ID4820,Worker ID_ID4872,weekday_0,weekday_1,weekday_2,weekday_6,Segment_Prediction_0,Segment_Prediction_1,C_S1_0.0,C_S1_1.0,C_S2_0.0,C_S2_1.0,true_value,predicted_value,relative_error
Case 101_17,17.0,0.0,3600.0,1.0,48540.0,1054620.0,17.0,43.0,0.0,1,0,0,0,0,0,0,0,1,0,1,0,0,0,0,1,0,1,0,0,0,1,0,1,0,1,0,0.0,737605.9,33.04685819892473
Case 111_17,209.0,0.0,7260.0,9.0,9540.0,1156140.0,17.0,42.0,161584.17464172875,0,0,0,0,1,0,0,0,0,1,1,1,0,0,0,0,0,1,0,0,0,0,1,1,0,0,1,164040.0,4562545.5,26.81361558156547
Case 123_17,76.0,0.0,9660.0,9.0,1200.0,375960.0,17.0,53.0,0.0,0,0,0,0,1,0,0,0,0,1,1,1,0,0,0,0,0,0,0,0,1,1,0,1,0,1,0,22320.0,2203193.8,97.70939740143369
Case 135_17,10.0,0.0,12660.0,15.0,23400.0,378660.0,17.0,42.0,0.0,0,0,1,0,0,0,1,0,0,0,1,0,1,0,0,0,0,1,0,0,0,1,0,1,0,1,0,330360.0,4880758.5,13.774060116236832
Case 174_17,13.0,0.0,21840.0,13.0,24540.0,126900.0,8.0,50.0,45785.24160394912,0,0,0,1,0,0,0,1,0,0,1,0,0,0,1,0,0,0,1,0,0,0,1,0,1,1,0,852480.0,938673.3,0.10110889698292042
Case 264_17,2.0,0.0,1620.0,7.0,2700.0,143940.0,9.0,38.0,37846.65111612644,0,0,0,1,0,0,0,1,0,0,1,0,0,1,0,0,0,0,0,1,0,0,1,0,1,1,0,105360.0,3501799.8,32.23652002657555
Case 53_17,9.0,0.0,6660.0,20.0,9360.0,620700.0,15.0,50.0,0.0,0,1,0,0,0,1,0,0,0,0,1,0,0,0,0,0,1,0,0,1,0,1,0,1,0,1,0,275940.0,1385814.2,4.022157896644198
