Case ID,Qty Completed,Qty for MRB,activity_duration,hour,timesincelastevent,timesincecasestart,event_nr,open_cases,Predicted_Distance,Activity_Final Inspection Q.C.,Activity_Laser Marking - Machine 7,Activity_Turning & Milling - Machine 5,Activity_Turning & Milling - Machine 6,Activity_Turning & Milling Q.C.,Resource_Machine 5 - Turning & Milling,Resource_Machine 6 - Turning & Milling,Resource_Machine 7- Laser Marking,Resource_Quality Check 1,Report Type_D,Worker ID_ID4287,Worker ID_ID4493,Worker ID_ID4718,Worker ID_ID4794,weekday_0,weekday_1,weekday_2,weekday_4,weekday_6,Segment_Prediction_0,Segment_Prediction_1,C_S1_0.0,C_S1_1.0,C_S2_0.0,C_S2_1.0,true_value,predicted_value,relative_error
Case 111_19,209.0,0.0,7260.0,9.0,9540.0,1156140.0,17.0,42.0,168755.68967465643,0,0,0,0,1,0,0,0,1,1,0,1,0,0,1,0,0,0,0,0,1,1,0,0,1,164040.0,3991369.0,23.331681297244575
Case 123_19,76.0,0.0,3000.0,15.0,15780.0,398280.0,19.0,53.0,0.0,0,1,0,0,0,0,0,1,0,1,0,0,1,0,0,0,0,0,1,1,0,1,0,1,0,0.0,1549284.8,14.704676822323462
Case 135_19,21.0,0.0,24600.0,6.0,24960.0,432180.0,19.0,42.0,0.0,0,0,1,0,0,1,0,0,0,1,0,0,0,1,0,1,0,0,0,1,0,1,0,1,0,276840.0,4721711.0,16.055739777488803
Case 174_19,13.0,0.0,21840.0,13.0,24540.0,126900.0,8.0,50.0,38430.74143109175,0,0,0,1,0,0,1,0,0,1,0,0,0,1,0,1,0,0,0,0,1,0,1,1,0,852480.0,1135033.4,0.3314486850131381
Case 264_19,2.0,0.0,1620.0,7.0,2700.0,143940.0,9.0,38.0,45785.24160394912,0,0,0,1,0,0,1,0,0,1,0,0,1,0,0,0,1,0,0,0,1,0,1,1,0,105360.0,3236096.0,29.714654517843584
Case 53_19,9.0,0.0,840.0,10.0,76440.0,758880.0,17.0,47.0,0.0,1,0,0,0,0,0,0,0,1,1,1,0,0,0,0,0,0,1,0,1,0,1,0,1,0,137760.0,144883.9,0.051712443742741
