Case ID,Qty Completed,Qty for MRB,activity_duration,hour,timesincelastevent,timesincecasestart,event_nr,open_cases,Predicted_Distance,Activity_Final Inspection Q.C.,Activity_Packing,Activity_Round Grinding - Machine 12,Activity_Turning & Milling - Machine 4,Activity_Turning & Milling - Machine 5,Activity_Turning & Milling - Machine 6,Resource_Machine 12 - Grinding,Resource_Machine 4 - Turning & Milling,Resource_Machine 5 - Turning & Milling,Resource_Machine 6 - Turning & Milling,Resource_Packing,Resource_Quality Check 1,Report Type_D,Report Type_S,Worker ID_ID0998,Worker ID_ID4287,Worker ID_ID4529,Worker ID_ID4618,Worker ID_ID4794,Worker ID_ID4820,Worker ID_ID4932,weekday_0,weekday_1,weekday_2,weekday_3,weekday_6,Segment_Prediction_0,Segment_Prediction_1,C_S1_0.0,C_S1_1.0,C_S2_0.0,true_value,predicted_value,relative_error
Case 101_16,17.0,0.0,16860.0,11.0,120.0,1006080.0,16.0,47.0,0.0,1,0,0,0,0,0,0,0,0,0,0,1,1,0,0,0,0,1,0,0,0,0,0,0,0,1,1,0,1,0,1,48540.0,1446984.8,28.810151421508035
Case 111_16,63.0,0.0,38940.0,6.0,54660.0,1146600.0,16.0,42.0,0.0,0,0,0,1,0,0,0,1,0,0,0,0,1,0,0,0,0,0,0,0,1,1,0,0,0,0,1,0,1,0,1,173580.0,4477972.0,24.797741675308217
Case 123_16,4.0,0.0,60.0,9.0,60.0,374760.0,16.0,53.0,0.0,0,0,0,1,0,0,0,1,0,0,0,0,1,0,0,0,0,0,0,0,1,0,0,0,0,1,1,0,1,0,1,23520.0,3871266.5,163.59466411564625
Case 126_16,9.0,0.0,3600.0,1.0,34380.0,603900.0,15.0,38.0,0.0,0,1,0,0,0,0,0,0,0,0,1,0,1,0,0,0,0,0,0,1,0,0,0,1,0,0,1,0,1,0,1,0.0,0.0,0.0
Case 135_16,9.0,0.0,8280.0,9.0,4260.0,355260.0,16.0,42.0,0.0,0,0,0,0,1,0,0,0,1,0,0,0,1,0,0,0,1,0,0,0,0,1,0,0,0,0,1,0,1,0,1,353760.0,4032442.5,10.398808514246948
Case 174_16,13.0,0.0,21840.0,13.0,24540.0,126900.0,8.0,50.0,52259.407296597754,0,0,0,0,0,1,0,0,0,1,0,0,1,0,0,0,0,0,1,0,0,0,1,0,0,0,0,1,0,1,1,852480.0,135028.8,0.8416047333955049
Case 264_16,30.0,0.0,37980.0,6.0,43920.0,141240.0,8.0,39.0,0.0,0,0,0,0,0,1,0,0,0,1,0,0,1,0,0,0,0,0,1,0,0,0,0,1,0,0,1,0,1,0,1,108060.0,2795027.5,24.865514528965388
Case 53_16,0.0,0.0,4200.0,17.0,87840.0,611340.0,14.0,50.0,0.0,0,0,1,0,0,0,1,0,0,0,0,0,0,1,1,0,0,0,0,0,0,0,0,1,0,0,1,0,1,0,1,285300.0,0.0,1.0
Case 54_16,21.0,0.0,1380.0,9.0,30600.0,321600.0,16.0,48.0,0.0,1,0,0,0,0,0,0,0,0,0,0,1,1,0,0,1,0,0,0,0,0,0,0,0,1,0,1,0,1,0,1,0.0,433648.88,18.437452168367347
