Case ID,Qty Completed,Qty for MRB,activity_duration,hour,timesincelastevent,timesincecasestart,event_nr,open_cases,Activity_Lapping - Machine 1,Activity_Laser Marking - Machine 7,Activity_Packing,Activity_Round Grinding - Machine 12,Activity_Turning & Milling - Machine 4,Activity_Turning & Milling Q.C.,Resource_Machine 1 - Lapping,Resource_Machine 12 - Grinding,Resource_Machine 4 - Turning & Milling,Resource_Machine 7- Laser Marking,Resource_Packing,Resource_Quality Check 1,Report Type_D,Worker ID_ID0998,Worker ID_ID4167,Worker ID_ID4493,Worker ID_ID4820,Worker ID_ID4872,Worker ID_ID4932,weekday_0,weekday_2,weekday_3,weekday_6,true_value,predicted_value,relative_error
Case 101_15,17.0,0.0,840.0,11.0,1740.0,1005960.0,15.0,47.0,0,1,0,0,0,0,0,0,0,1,0,0,1,1,0,0,0,0,0,0,0,0,1,48660.0,891132.1,17.313442766132347
Case 111_15,53.0,0.0,30360.0,15.0,31620.0,1091940.0,15.0,47.0,0,0,0,0,1,0,0,0,1,0,0,0,1,0,1,0,0,0,0,0,0,0,1,228240.0,3893515.0,16.05886347704171
Case 123_15,10.0,0.0,60.0,9.0,7620.0,374700.0,15.0,53.0,0,0,0,0,1,0,0,0,1,0,0,0,1,0,0,0,0,0,1,0,0,0,1,23580.0,1524247.8,63.641550042408824
Case 126_15,9.0,0.0,3600.0,1.0,34380.0,603900.0,15.0,38.0,0,0,1,0,0,0,0,0,0,0,1,0,1,0,0,0,1,0,0,0,1,0,0,0.0,411811.06,17.464421649703137
Case 135_15,165.0,0.0,3600.0,8.0,4920.0,351000.0,15.0,42.0,0,0,0,0,0,1,0,0,0,0,0,1,1,0,0,1,0,0,0,1,0,0,0,358020.0,5524558.5,14.430865594100888
Case 174_15,30.0,0.0,7320.0,12.0,2280.0,902220.0,15.0,27.0,1,0,0,0,0,0,1,0,0,0,0,0,1,1,0,0,0,0,0,0,0,1,0,77160.0,937981.2,11.156313990409538
Case 53_15,9.0,0.0,6660.0,20.0,9360.0,620700.0,15.0,50.0,0,0,0,1,0,0,0,1,0,0,0,0,1,0,0,0,0,1,0,0,1,0,0,275940.0,1171499.6,3.2454867906066536
Case 54_15,21.0,0.0,3600.0,1.0,109320.0,291000.0,15.0,49.0,0,0,1,0,0,0,0,0,0,0,1,0,1,0,0,0,1,0,0,0,0,1,0,30600.0,1213469.5,38.65586601307189
Case 83_15,20.0,0.0,1740.0,16.0,1740.0,1090500.0,15.0,46.0,1,0,0,0,0,0,1,0,0,0,0,0,1,1,0,0,0,0,0,0,0,0,1,0.0,1132219.2,48.01608354537744
