Case ID,Activity_Declaration APPROVED by ADMINISTRATION,Activity_Declaration APPROVED by BUDGET OWNER,Activity_Declaration REJECTED by EMPLOYEE,Activity_Declaration REJECTED by SUPERVISOR,Activity_Declaration SUBMITTED by EMPLOYEE,Resource_STAFF MEMBER,id_other,Role_ADMINISTRATION,Role_BUDGET OWNER,Role_EMPLOYEE,Role_SUPERVISOR,month_10,month_11,weekday_1,weekday_2,weekday_3,weekday_4,weekday_5,hour_10,hour_11,hour_12,hour_14,hour_15,hour_16,hour_4,hour_6,hour_9,Segment_Prediction_0,C_S1_0.0,C_S2_0.0,C_S3_0.0,duration_mean,duration_max,duration_min,duration_sum,duration_std,elapsed_mean,elapsed_max,elapsed_min,elapsed_sum,elapsed_std,Predicted_Distance_mean,Predicted_Distance_max,Predicted_Distance_min,Predicted_Distance_sum,Predicted_Distance_std,true_value,predicted_value,relative_error
declaration 131033_6,1,1,1,1,2,6,6,1,1,3,1,6,0,1,2,1,2,0,0,2,2,0,0,0,1,1,0,6,6,6,6,3109.4361111111116,8191.3,0.0,18656.61666666667,3346.7882146987276,452186.6666666667,1119397.0,0.0,2713120.0,462797.3793917449,0.0,0.0,0.0,0.0,0.0,1142827.0,841780.5,0.2634226352720053
declaration 131044_6,1,1,1,1,2,6,6,1,1,3,1,6,0,1,2,1,2,0,0,2,2,0,0,0,1,1,0,6,6,6,6,3108.988888888889,8190.983333333334,0.0,18653.933333333334,3346.655606317491,452101.5,1119236.0,0.0,2712609.0,462736.90986207273,0.0,0.0,0.0,0.0,0.0,1142871.0,841780.5,0.263450993156708
declaration 131254_6,1,1,1,1,2,6,6,1,1,3,1,0,6,0,4,1,1,0,1,0,0,1,2,0,1,0,1,6,6,6,6,3832.430555555555,9768.166666666666,0.0,22994.583333333332,4649.660081188931,735602.5,1379675.0,0.0,4413615.0,633292.3453037309,0.0,0.0,0.0,0.0,0.0,525595.0,735819.75,0.3999747904755563
declaration 141910_6,1,0,1,1,3,6,6,1,0,4,1,0,6,2,1,2,0,1,2,0,1,0,2,1,0,0,0,6,6,6,6,1419.763888888889,3961.65,0.0,8518.583333333334,1726.0736396488826,253538.33333333334,511115.0,0.0,1521230.0,224976.83532280978,0.0,0.0,0.0,0.0,0.0,1049497.0,811112.8,0.2271413710568015
